query,turn,search_results,search_confidence,summary,summary_confidence,reviewed_summary,review_confidence,insights,insights_confidence
nicolas maduro,1,"Maduro was widely considered to be leading an authoritarian government characterized by electoral fraud, human rights abuses, corruption, and severe economic ... || President Trump said Venezuelan President Nicolás Maduro and his wife were ""captured and flown out of the Country"" early Saturday morning amid a ... || Venezuelan President Nicolas Maduro has been captured and flown out of Venezuela after the US carried out a large scale strike, US President ... || President Nicolás Maduro is in custody at a New York detention centre after he was captured during US strikes on Venezuela on Saturday. || Venezuelan President Nicolas Maduro has been captured by the United States. Now, President Donald Trump is claiming that the U.S. will take ...",0.6,"Nicolás Maduro, the Venezuelan president, was captured and flown out of Venezuela following US-led strikes. He is now in custody at a New York detention center. Prior to this, Maduro was widely viewed as leading an authoritarian government marked by electoral fraud, human rights abuses, corruption, and economic decline.",0.4,,,,
where is maduro nikolas now,2,"The U.S. Attorney General announced that Maduro and his wife will face criminal charges in an American court. This announcement came just ... || A plane carrying deposed Venezuelan leader Nicolás Maduro has arrived in New York following his capture by U.S. forces, according to an AP ... || Venezuelan leader Nicolas Maduro was put in a New York jail on Saturday, hours after US forces captured him in a late-night raid and flew him ... || Venezuela's deposed leader Nicolas Maduro has arrived in the United States, after being seized in Caracas during a surprise US military ... || He was acquitted of more serious sex trafficking and racketeering charges and is currently held at a federal prison in New Jersey. Tired of too ...",0.63,,,,,,
who is his wife,3,Braindom 2 Level 111 || who is his wife. ... This content isn't available. Skip video. Download Link For Braindom 2 : Tricky Brain Puzzles by ... || #Braindom : Who is his wife #Level26 Gameplay walkthrough - YouTube. This content isn't available. || Woman 2 is his wife. They are both wearing the same wedding rings indicating that they are married. || Let's begin with this level you have to tape on this bouquet here the woman is holding and slide it upwards and you can see the woman here is not happy. || Braindom Level 199 || who is his wife. Braindom: Tricky Brain Puzzles walkthrough Level 199 Braindom: Tricky Brain Puzzles Solution for ...,0.58,,,,,,
summarize,4,"Short Bio. Anupam Purwar lead Generative AI initiatives for Sprinklr Inc. (NYSE: CXM) as the Director of Machine Learning leading their Agentic AI Charter. ... || As the Director of Machine Learning Engineering at Sprinklr, I lead Agentic AI and Generative AI initiatives for Sprinklr's AI products like Sprinklr CoPilot, ... || Anupam Purwar is a Senior Research Scientist at Amazon Development Centre India, Hyderabad. He is a leading development of data science and machine learning- ... || Traveller (covered >2 lakh kms) | Speaker | Scientific writer (25+ articles). Teaching AgenticAI by Anupam. Teaching is a passion that I am fulfilling ... || Researcher, Indian Institute of Science, Bangalore - ‪‪Cited by 390‬‬ - ‪Materials Development‬ - ‪FEM‬ - ‪Structural design‬ - ‪Sustainable technologies‬ ...",0.63,"Anupam Purwar is a senior researcher and engineer specializing in machine learning and generative AI. He has led AI initiatives at Sprinklr as Director of Machine Learning, focusing on Agentic AI and products like Sprinklr CoPilot. Previously, he was a Senior Research Scientist at Amazon India, contributing to data science and ML development. Additionally, he is a researcher at the Indian Institute of Science, with expertise in materials development and sustainable technologies, and is passionate about teaching and scientific writing.",0.4,,,,
whats the fuss about new paper from Deepseek,5,"Jeffrey Emanuel: ""DeepSeek just released a pretty shocking new paper. They really buried the lede here by referring to it simply as DeepSeek OCR ... || The Chinese-made AI chatbot is shaking up financial markets, disrupting the tech sector, and causing conniptions among established players. || DeepSeek's new paper focuses on a very specific but critical question: how should information flow between layers so that models can grow larger ... || An AI model released by the Chinese AI company DeepSeek uses new techniques that could significantly improve AI's ability to “remember.”. || DeepSeek does it Again (Part 1) : Understanding what's the buzz is about on DeepSeek mHC paper ... new paper that they published. Same ...",0.59,,,,,,
tell me more about it,6,"... tell me more about it Why this truth won't fight resistance When I'm staring down the void How my doubts are my own prison So tell me more ... || It would mean so much to me if you subscribe to my YouTube Channel! http://bit.ly/2FbNAlb Spotify Playlists: Chill Mixtape: ... || “Tell me about it” (speaking in an emphatic tone) actually means “You don't need to tell me about it cuz I have already known it” in everyday discourse. || used to say that you feel the same way or have had the same experience: ""He's driving me crazy with his stupid jokes."" ""Tell me about it!"" || 1. Tell me more about it. 2. Tell me about it more. Are both sentences 1 and 2 correct English? · First one is correct Tell me more about it.",0.69,,,,,,
ok summarize,7,"a Russian mystic and faith healer. He is best known for having befriended the imperial family of Nicholas II, the last Emperor of Russia. || a Siberian peasant and mystic whose ability to improve the condition of Aleksey Nikolayevich, the hemophiliac heir to the Russian throne, made him an ... || The myth of Rasputin, the Mad Monk, is well-known: He was a scheming sexual predator who insinuated himself into court life with devastating ... || Grigori Rasputin was a Siberian peasant who proclaimed himself to be a holy man. He rose to fame in early 20th century Russia and gained the ... || Gregory Rasputin was one of Russia's most controversial and mysterious figures who posed as a ""holy man"" and destroyed the political image and reputation of ...",0.65,"Grigori Rasputin was a Siberian peasant, mystic, and faith healer renowned for befriending Tsar Nicholas II's imperial family. He gained fame in early 20th-century Russia for supposedly healing the hemophiliac heir, Aleksey Nikolayevich. Controversially, he was depicted as a scheming predator who manipulated court life, damaging political reputation and fueling myths about his influence and morality.",0.4,,,,
who was his wife,8,,,The conversation history does not provide information about who his wife was.,0.4,,,,
tell me about Ukraine Russia,9,"The Russo-Ukrainian war began in February 2014 and is ongoing. Following Ukraine's Revolution of Dignity, Russia occupied Crimea and annexed it from Ukraine ... || Russia continues to bombard Ukrainian cities, while Ukraine maintains drone attacks on Russian oil infrastructure and military sites. Since January 2022, ... || Russia's full-scale invasion began with dozens of missile strikes on cities all over Ukraine before dawn on 24 February 2022. Russian ground ... || Everything you need to know about Russia's invasion of Ukraine. Latest News. Russian President Vladimir Putin attends a signing ceremony at the Grand ... || War between Russia and Ukraine that began in February 2014 with the covert invasion of the Ukrainian autonomous republic of Crimea by disguised Russian troops.",0.61,,,,,,
summarize above for me,10,"Civilian casualties, including children and older people, increased, as Russian forces used indiscriminate weapons, damaged critical civilian infrastructure. || Physical abuse, lack of proper medical care and nutrition, poor sanitation, and lack of adequate light were persistent problems. Inmates reported authorities ... || Explosive Weapons in Populated Areas · Landmines and Cluster Munitions · Abuses under Russian Occupation · Crimea · Prisoners of War · Conflict-Related Civilian ... || Below, you will find a sample of the many lies by the Russian regime about its invasion of Ukraine, along with the truth. || Ukraine was kind of a divided country, people in the South and East wanted closer ties with Russia, people in the West and the capital wanted ...",0.6,"The report highlights increased civilian casualties, including children and seniors, due to Russian indiscriminate weapon use and infrastructure damage. Persistent issues include physical abuse, inadequate medical care and nutrition, poor sanitation, and lack of lighting, with reports of authorities abusing inmates. The document covers the impact of explosive weapons, landmines, cluster munitions, abuses during Russian occupation, issues in Crimea, prisoner of war situations, and civil conflicts. It also mentions disinformation campaigns by Russia regarding its invasion, and notes regional divisions in Ukraine, with the South and East favoring closer ties to Russia, while the West and capital generally oppose it.",0.5,,,,
narendra modi gold,11,"The Prime Minister launched three gold-related schemes: the Gold Monetization Scheme, Sovereign Gold Bond Scheme, and India Gold Coins. || Social media posts claiming that Prime Minister Narendra Modi has announced giveaways of free gold smartphones electric cycles bikes money. || Prime Minister Narendra Modi will launch three new schemes — the Gold Monetisation Scheme. (GMS), Sovereign Gold Bond Scheme, and the Gold Coin and Bullion ... || No real estate, stocks and gold, at 75, where has PM Modi invested? · Narendra Modi has invested the most in Bank Fixed Deposits (FD) and ... || Prime Minister Narendra Modi addressed the Parliament of Ghana, calling it an honour to speak in a nation that radiates democracy and ...",0.59,,,,,,
seems like he is a good person?,12,,,The conversation history does not provide information about Narendra Modi's personal character or whether he is considered a good person.,0.4,,,,
ok summarize,13,"Modi was the chief minister of Gujarat from 2001 to 2014 and is the member of parliament (MP) for Varanasi. He is a member of the Bharatiya Janata Party (BJP) || Modi's initial popularity comes not only from the success of Gujarat but also from his humble origins and intimate understanding of the Indian masses. || Supporters claim he is a strong, efficient leader who has delivered on promises. Critics allege his government has weakened federal institutions ... || Narendra Modi, Gujrati man, he is good, good communication and trading skill. · He is very lucky at one thing. · I never ever heard any of his speech or ... || In person, Modi comes across as an effective administrator, a proud Indian nationalist, and a committed if not zealous Hindu. He also is a ...",0.68,"The responses address three topics: lack of information about his wife, detailed reports on civilian casualties, abuses, and regional divides in Ukraine related to the Russian invasion, and no information about Narendra Modi's character.",0.4,,,,
what happened to tambaram,14,"There was leakage, which caused waterlogging mixed with sewage. We spent 6,000 to clean and fix the tank. Despite giving several petitions, the ... || No proper signage for coach positions. Even small stations have it. · No lifts / escalator is working. · Announcements are not loud and clear ... || Chrompet and Pallavaram residents allege that they have been neglected by the Tambaram corporation following their merger into it. || CHENNAI: The Tambaram City Municipal Corporation's new administrative headquarters, under construction at the Tambaram Sanatorium at a cost of Rs 43.4 crore ... || A 21-year-old student was allegedly stabbed to death on her way to college by her male friend outside Chennai's Tambaram railway station.",0.59,,,,,,
summarize,15,"Uranium Backup Gold edition is the secure, stable, and efficient all-in-one backup software. In a few clicks, you can configure any type of backup, according ... || Uranium is a naturally occurring radioactive element, which has the atomic number of 92 and corresponds to the chemical symbol U in the periodic table. || Uranium ore deposits are economically recoverable concentrations of uranium within Earth's crust. Uranium is one of the most common elements in Earth's crust. || Splitting uranium into gold plus something else is not completely impossible but it's not a likely reaction. With elements nearby (platinum, ... || In 1952, geologist Charlie Steen discovered a gigantic uranium deposit in Utah, the first major find of the program. He became an instant multi- ...",0.62,"The document primarily reports on the humanitarian impact of the Russian invasion of Ukraine, highlighting increased civilian casualties, infrastructure damage, and abuses during occupation. It notes issues such as medical shortages, sanitation problems, and mistreatment of prisoners, along with the use of explosive weapons and landmines. Additionally, it discusses regional divisions within Ukraine, with the South and East favoring closer ties to Russia while the West opposes. Separate responses mention a lack of information about Narendra Modi's character and personal life.",0.41,,,,
summarize now,16,"The United States remains the world's largest holder of gold by a wide margin, with 8,133.5 tonnes, a figure virtually unchanged for decades. || The US is the country with the largest gold reserves. Germany, Italy, and France follow. Let's take a look at how much they hold along with some of the details ... || 1. United States ... No country comes close to the United States in gold holdings. With more than 8,100 tonnes, the U.S. has more gold than the ... || At a country level, China was the largest producer in the world in 2024 and accounted for around 10 per cent of total global production. || Officially reported holdings ; 1. United States, 8,133.5, 77.8% ; 2. Germany, 3,350.2, 77.5%.",0.62,"The documents primarily focus on the humanitarian and regional impacts of the Russian invasion of Ukraine, including civilian casualties, infrastructure damage, abuses, and regional divisions. They also note a lack of information regarding Narendra Modi's personal character and life.",0.4,,,,
tibet,17,"Tibet is a region in the western part of East Asia, covering much of the Tibetan Plateau. It is the homeland of the Tibetans. Other ethnic groups also ... || Tibet, the remote and mainly-Buddhist territory known as the ""roof of the world"", is governed as part of China. || Our educational programs and events explore the richness and beauty of Tibetan culture through diverse offerings by renowned scholars, speakers and teachers. || We are Free Tibet, and we stand with Tibetans around the world. For their homeland, for their future and against China's brutal occupation. || Tibet, historic region and autonomous region of China that is often called “the roof of the world.” It occupies a vast area of plateaus and mountains in ...",0.62,,,,,,
indo tibet border,18,"The Indo-Tibetan Border Police (ITBP) is a central armed police force in India under the Ministry of Home Affairs. It is responsible for guarding India's ... || The McMahon Line is the boundary between Tibet and British India as agreed in the maps and notes exchanged by the respective plenipotentiaries on 24–25 ... || ... Tibetan Christianity, visit the hidden town of Medog close to the Indian border, and take in the beauty of Ranwu Lake and Yalong Glacier ... || The Indo-Tibetan Border Police (ITBP) Force was raised on 24 October, 1962. At present, the ITBP guards 3,488 km long India-China borders ranging from the ... || The India-Tibet border is a long-standing issue, rooted in complex history, geopolitics, and the invasion of Tibet in 1950.",0.64,,,,,,
summarize,19,"a Chinese politician who has been the general secretary of the Chinese Communist Party (CCP) and chairman of the Central Military Commission (CMC) || China's president, Xi Jinping, has vowed to reunify China and Taiwan in his annual New Year's Eve speech in Beijing. Speaking the day after the ... || Explore Foreign Affairs' coverage of Chinese President Xi Jinping's rise to power; his ideology and leadership of the Chinese Communist Party. || Xi Jinping, born in 1953, was elected president and head of China's ruling Communist Party in 2013. In March 2023, he was awarded an unprecedented third term. || Xi Jinping was elected general secretary of the Chinese Communist Party and chairman of the Central Military Commission at the 18th Party Congress in 2012.",0.63,"The documents mainly discuss the humanitarian consequences and regional divisions resulting from the Russian invasion of Ukraine, such as civilian casualties, infrastructure damage, abuses, and differing regional preferences. Additionally, they note a lack of information about Narendra Modi's personal character and life. One response also mentions a lack of information about the woman's background.",0.4,,,,
what is burma china war,20,"The Sino-Burmese War also known as the Qing invasions of Burma or the Myanmar campaign of the Qing dynasty, was a war fought between the Qing dynasty of ... || The Burmese-Chinese Wars were a series of military conflicts primarily between the Burmese kingdoms and the Chinese Ming Dynasty, spanning from the mid-15th ... || There have been several Sino-Burmese wars—wars between China and Burma (Myanmar)—in history: First Mongol invasion of Burma (1277–1287) ... || History of Myanmar/Burma: The Sino-Burmese War between the Qing Dynasty of China and Konbaung Dynasty of Burma is one of the most crucial ... || This article examines how a civil war within one state has profoundly disrupted the economy and social fabric of a neighboring country.",0.61,,,,,,
summarise,21,"Following the Galwan valley clash, India deployed a warship to the South China Sea. The first border clash reported in 2021 was on 20 January ... || Galwan Valley, where China and India fought a deadly brawl, is known for its harsh climate and terrain. || Twenty Indian soldiers and four Chinese soldiers were killed in hand-to-hand fighting with clubs and staves in the Galwan Valley in Ladakh in ... || On 15 June 2020, the icy silence of Ladakh's Galwan Valley was shattered as Indian and Chinese soldiers clashed in the deadliest India–China ... || The conflict broke out between Indian and Chinese troops in in June 2020 in Galwan valley in the Indian territory of Ladakh.",0.59,"The documents primarily examine the humanitarian impact and regional divisions caused by the Russian invasion of Ukraine, including civilian casualties, infrastructure damage, abuses, and regional preferences. They also note limited information about Narendra Modi's personal character and life, with one response mentioning additional gaps about a woman's background.",0.4,,,,
ok summarise,22,"Lyari Town was the smallest borough (called ""town"" in Karachi) by area, but also the most densely populated. || Lyari is a historic locality in Karachi, Pakistan. It is the most densely populated part of Karachi, and is one of its earliest settled areas. Lyari لیاری. || Lyari is a little known region of Karachi, Pakistan, where lawlessness and violence between rival gangs has paralysed the whole area. || Ranveer Singh's new blockbuster Dhurandhar has the whole world talking about Lyari, Karachi. But while the movie shows spies and ... || Explore Authentic Lyari Town Stock Photos & Images For Your Project Or Campaign. Less Searching, More Finding With Getty Images.",0.56,"The documents mainly address the humanitarian and regional impacts of the Russian invasion of Ukraine, such as civilian casualties, infrastructure damage, abuses, and regional divisions. They also highlight limited information about Narendra Modi's personal character and life, with some mentions of gaps regarding a woman's background.",0.4,,,,
layari,23,"Lyari is a historic locality in Karachi, Pakistan. It is the most densely populated part of Karachi, and is one of its earliest settled areas. Lyari لیاری. || Layari Financial is a fee-only financial planning firm based in Southern California. Serving clients across the U.S. with a focus on empathy-based, ... || At Lyari Cafe, diners can savor the rich culinary heritage of India and Pakistan while relishing the reassurance of a Halal and hygienic dining experience. || Layari Financial is in Orange County, California. Dec 25, 2024 Happy Holidays from the Layari Family to yours. Wishing you a prosperous new year! || Providing comprehensive financial planning advice to busy professionals and business owners. Website: www.layari.co. External link for Layari Financial.",0.6,,,,,,
summarise,24,"Myanmar, officially the Republic of the Union of Myanmar and also referred to as Burma is a country in northwest Southeast Asia. It is the largest country ... || Burma · Embassies & Consulates · Bureau of East Asian and Pacific Affairs. International Travel Information. What you need to know before you go: visas, Embassy ... || The ancient city of Bagan, Burma, is located in Mandalay Division and is home. The ancient city of Bagan, Burma, is ... || Myanmar, formerly known as Burma, gained independence from Britain in 1948, but its post-independence history has been characterised by unrest and conflict. || Myanmar is located in the western portion of mainland Southeast Asia. It is bordered by China to the north and northeast, Laos to the east, Thailand to the ...",0.66,"The three responses cover diverse topics: 
1. The humanitarian and regional consequences of Russia's invasion of Ukraine, with brief mentions of Narendra Modi's character and background gaps.
2. Lyari, a densely populated historic neighborhood in Karachi, Pakistan, and various businesses including a financial firm and a cafe serving Indian and Pakistani cuisine.
3. Myanmar's geographical location, history, and notable sites like Bagan, along with details on travel and diplomatic information.",0.4,,,,
